"Player","Team","Experience","Minutes","Pace","PTS","AST","DREB","OREB","BLK","STL","TOV","FGA","FTA","FG3A","RimFGA","PF","date_of_projection"
"Giannis Antetokounmpo","Milwaukee Bucks","Vet",34.1,98.1,28.5,6.3,9.8,2.5,1.1,1,3.3,19.2,9.1,1.3,7.8,2.5,2025-04-29
"Anthony Edwards","Minnesota Timberwolves","Vet",36,97.5,28.2,4.8,4.8,0.8,0.5,1.2,3.1,19.5,7.7,9.6,4.4,1.8,2025-04-29
"Luka Doncic","Los Angeles Lakers","Vet",33.8,98.2,27.3,7.6,7.5,0.8,0.4,1.6,3.7,19.6,7,9.1,2.7,2.2,2025-04-29
"Devin Booker","Phoenix Suns","Vet",36.8,96.2,25.9,6.8,3.2,0.8,0.2,1,2.8,18.3,6.3,7.4,2,2.6,2025-04-29
"Donovan Mitchell","Cleveland Cavaliers","Vet",32.4,99.6,25.6,5.1,3.6,0.8,0.2,1.4,2.4,19.3,6.1,8.6,3.4,2,2025-04-29
"Paolo Banchero","Orlando Magic","Vet",34.3,95.5,25.4,5,5.9,1,0.6,0.9,2.8,18.4,7.6,6.2,4.3,2,2025-04-29
"Cade Cunningham","Detroit Pistons","Vet",33.9,100.4,25.3,8.7,4.9,0.8,0.6,1,3.7,19.2,5.6,5.2,4.4,2.5,2025-04-29
"Trae Young","Atlanta Hawks","Vet",35.7,103.5,24.9,12,2.6,0.5,0.1,1.1,4.1,19.4,7.7,8.2,2.6,1.9,2025-04-29
"Damian Lillard","Milwaukee Bucks","Vet",35.4,98.2,23.8,6.4,3.9,0.5,0.2,1.1,2.5,16.4,6.3,8.8,2.8,1.6,2025-04-29
"Kevin Durant","Phoenix Suns","Vet",36.1,95.6,23.7,4.3,5.5,0.5,1,0.8,2.6,15.6,4.8,5.9,1.4,1.6,2025-04-29
"James Harden","Los Angeles Clippers","Vet",36.4,96.4,23.3,9,4.9,0.7,0.6,1.4,3.9,17.1,7.4,8.9,1.9,1.9,2025-04-29
"Zion Williamson","New Orleans Pelicans","Vet",28.5,99.9,23.3,5.3,4.4,2.2,0.7,1.1,3,16.2,7.4,0.5,8.6,2.4,2025-04-29
"Karl-Anthony Towns","New York Knicks","Vet",33.6,95.6,23,2.8,8.6,2.6,0.6,0.9,2.4,16.6,5.4,4.9,5.8,3.1,2025-04-29
"Franz Wagner","Orlando Magic","Vet",34,95.8,22.3,4.3,4.6,1,0.3,1.1,2.1,17.5,5.1,4.4,4.6,2.4,2025-04-29
"Tyler Herro","Miami Heat","Vet",34.3,95.4,22.1,5.5,4.2,0.5,0.3,0.8,2.4,17.5,3.8,7.7,2.4,1.1,2025-04-29
"DeMar DeRozan","Sacramento Kings","Vet",34.2,96.4,21.7,4.3,3.2,0.5,0.3,0.9,1.6,15.9,5.3,4,1.2,1.8,2025-04-29
"Pascal Siakam","Indiana Pacers","Vet",31.6,98.4,21.1,3.3,5,1.6,0.5,0.9,1.5,15.6,4.2,4.8,3.7,2.4,2025-04-29
"Jalen Green","Houston Rockets","Vet",33.9,97.6,21.1,4,4.3,0.5,0.3,0.9,2.4,17.1,3.9,8.8,3.5,1.6,2025-04-29
"Kawhi Leonard","Los Angeles Clippers","Vet",33,96,21,3.2,4.6,1.1,0.6,1.6,1.9,16.9,3.6,5.5,2.9,1.6,2025-04-29
"Coby White","Chicago Bulls","Vet",33,101.2,20.6,4.2,3.4,0.4,0.2,0.8,2.2,16.4,4.1,7.8,3.7,2,2025-04-29
"Jaren Jackson Jr.","Memphis Grizzlies","Vet",29.1,101.6,20.5,2.2,4.2,1.2,1.3,1.2,1.9,15.4,4.9,4.7,2.2,3.3,2025-04-29
"Desmond Bane","Memphis Grizzlies","Vet",33,101.6,20.1,5.3,5.2,0.9,0.4,1.1,2.5,15.3,3.3,5.8,3.3,2.4,2025-04-29
"Austin Reaves","Los Angeles Lakers","Vet",34,97.5,20.1,5.8,3.7,0.7,0.3,1,2.3,14.3,5.1,7.2,2.4,1.9,2025-04-29
"Anfernee Simons","Portland Trail Blazers","Vet",32,97.4,19.5,4.5,2.4,0.3,0,0.8,1.8,15.9,2.6,8.4,2.2,1.6,2025-04-29
"Alperen Sengun","Houston Rockets","Vet",31.6,96.9,19.1,4.6,6.7,3.2,0.7,1.1,2.5,14,5.4,1.5,5.4,3,2025-04-29
"Evan Mobley","Cleveland Cavaliers","Vet",31.2,99.4,19,3.2,7.1,2.4,1.4,0.9,2,13.1,4.1,3.9,5.3,2.2,2025-04-29
"Quentin Grimes","Philadelphia 76ers","Vet",30.4,98.6,18.8,3.6,3.7,0.8,0.4,1.1,2.3,14.5,3.7,6.8,3.8,2.1,2025-04-29
"Bam Adebayo","Miami Heat","Vet",34,94.4,18.5,4.2,7.2,2.2,0.7,1.1,2,14.1,4.2,3.1,3.1,2.1,2025-04-29
"Kristaps Porzingis","Boston Celtics","Vet",29.4,98,18.3,2,5.4,1.4,1.7,0.8,1.4,13.5,4.5,6.1,3.1,2.7,2025-04-29
"Scottie Barnes","Toronto Raptors","Vet",30.7,98.7,18.3,4.9,5.2,1.7,0.9,1.3,2.4,15.1,4.9,3.2,4.3,1.7,2025-04-29
"CJ McCollum","New Orleans Pelicans","Vet",30.5,98.6,18.2,3.9,3,0.6,0.4,0.8,1.7,15.1,2.3,7.5,2.2,2,2025-04-29
"Jayson Tatum","Boston Celtics","Vet",24,95.8,18.1,3.9,4.9,0.5,0.3,0.7,1.9,13.6,3.8,6.7,2.5,1.4,2025-04-29
"Deni Avdija","Portland Trail Blazers","Vet",32.2,97.9,17.7,4.5,6.4,1.3,0.4,0.9,2.8,12.2,5.8,5.5,4.3,2.5,2025-04-29
"Malik Monk","Sacramento Kings","Vet",33,96.7,17.7,6.1,3.2,0.6,0.5,0.9,2.3,14.6,2.7,6.4,2.2,2.4,2025-04-29
"Ivica Zubac","Los Angeles Clippers","Vet",33.1,96.1,17.6,2.5,8.9,3.8,1.2,0.7,1.7,12.4,3.4,0.5,6.1,2.3,2025-04-29
"Kyrie Irving","Dallas Mavericks","Vet",25.5,97.2,17.2,3.1,2.5,0.7,0.3,0.9,1.6,13.7,3.3,5.5,2.6,1.6,2025-04-29
"Immanuel Quickley","Toronto Raptors","Vet",29,99,17.2,5.4,3.5,0.4,0.2,0.8,1.8,13,3.9,6.9,1.8,1.9,2025-04-29
"Mikal Bridges","New York Knicks","Vet",35.7,95.8,17.2,3.8,2.6,0.9,0.4,0.9,1.7,13.9,2,4.8,2.7,1.4,2025-04-29
"OG Anunoby","New York Knicks","Vet",35.8,94.9,17.1,2.4,3.5,1.2,0.8,1.4,1.5,13.8,2.9,6.2,4.4,2.1,2025-04-29
"Michael Porter Jr.","Denver Nuggets","Vet",32.4,100.2,16.8,1.9,5.1,1.7,0.4,0.6,1,12.6,2.2,5.7,3.4,1.8,2025-04-29
"Julius Randle","Minnesota Timberwolves","Vet",29.6,97.2,16.8,4.5,4.5,2,0.2,0.6,2.6,12,4.4,3.8,3.4,2.5,2025-04-29
"Tyrese Maxey","Philadelphia 76ers","Vet",25.9,96.8,16.7,4.3,2.1,0.3,0.3,0.9,1.6,13.5,3.7,6.1,3.6,1.7,2025-04-29
"Joel Embiid","Philadelphia 76ers","Vet",21.4,97.7,16.6,3.2,4.6,1.4,0.8,0.6,2.4,11.7,5.4,3,2.5,1.9,2025-04-29
"Derrick White","Boston Celtics","Vet",33.8,96.1,16.6,4.4,3.4,0.7,0.9,1,1.5,13.4,2.1,9.1,1.1,1.8,2025-04-29
"Norman Powell","Los Angeles Clippers","Vet",26,98.7,16.6,1.6,2.4,0.3,0.1,0.8,1.3,12.4,3.5,5.6,2.9,1.7,2025-04-29
"Collin Sexton","Utah Jazz","Vet",25.5,100.9,16.5,4.5,1.8,1,0.1,0.7,2.3,13.1,3.9,3.8,2.2,1.9,2025-04-29
"Jimmy Butler","Golden State Warriors","Vet",31.2,97,16.3,5.8,3.5,1.8,0.2,1.3,1.7,10.9,6.3,2,3.6,1.1,2025-04-29
"Shaedon Sharpe","Portland Trail Blazers","Vet",29.2,97.6,16.1,2.7,3.4,0.8,0.2,0.8,1.8,13.3,2.5,6,3.1,1.6,2025-04-29
"Josh Giddey","Chicago Bulls","Vet",29.6,100.8,15.9,6.1,5.7,1.6,0.6,0.9,2.6,11.9,3.3,4.1,3.4,2,2025-04-29
"Jordan Poole","Washington Wizards","Vet",24.7,101.6,15.9,3.9,2.3,0.4,0.3,0.9,2.2,12.7,3.1,8.2,2,2.4,2025-04-29
"D'Angelo Russell","Brooklyn Nets","Vet",28.9,95.6,15.8,5.9,2.7,0.4,0.4,0.9,2.2,13.1,3,7.7,1.3,2,2025-04-29
"P.J. Washington","Dallas Mavericks","Vet",31.5,100,15.7,2.2,6,1.4,0.9,1,1.9,12.6,3.9,4.5,3.5,2.3,2025-04-29
"Naji Marshall","Dallas Mavericks","Vet",30.7,99.4,15.7,3.3,4.4,1.3,0.2,1.2,1.9,12.1,3.1,3.6,3.5,1.7,2025-04-29
"Devin Vassell","San Antonio Spurs","Vet",30.7,97.9,15.6,2.7,3.3,0.4,0.6,1.1,1.1,12.7,1.8,6.2,1.9,1.5,2025-04-29
"Nikola Vucevic","Chicago Bulls","Vet",28.4,100.1,15.5,2.9,6.7,1.9,0.7,0.7,1.2,12.3,1.6,4.3,2.4,2.1,2025-04-29
"Aaron Gordon","Denver Nuggets","Vet",29,101.4,15.4,2.8,3.9,1.8,0.4,0.7,1.4,10.7,3.3,4.7,3.9,1.7,2025-04-29
"Stephon Castle","San Antonio Spurs","Rookie",25.7,99.3,15.1,3.2,2.4,1,0.2,0.9,2,12.7,4.1,4.4,4.4,2,2025-04-29
"Dillon Brooks","Houston Rockets","Vet",32.5,97.3,14.9,2.2,2.9,0.8,0.2,0.9,1,11.9,1.7,6.8,1.5,3.1,2025-04-29
"Kyle Kuzma","Milwaukee Bucks","Vet",32.7,99.5,14.9,2.5,5.5,0.8,0.3,0.6,1.9,12.5,2.8,5.4,3.3,2,2025-04-29
"Victor Wembanyama","San Antonio Spurs","Sophomore",21.9,98.2,14.8,2.4,6.2,1.3,2.1,0.8,1.8,11.8,3,5.4,2.5,1.7,2025-04-29
"Keyonte George","Utah Jazz","Sophomore",26.7,99,14.6,4.8,2.9,0.3,0.1,0.6,2.3,11.3,3.9,6.1,1.1,1.5,2025-04-29
"Alexandre Sarr","Washington Wizards","Rookie",25.1,102.2,14.3,2.4,4.4,1.8,1.2,0.6,1.6,12.5,2.5,5.7,2.5,2,2025-04-29
"Nikola Jokic","Denver Nuggets","Vet",18.9,100.6,14.2,4.7,5.2,1.4,0.4,0.9,1.8,9.7,3.1,2.4,2.7,1.3,2025-04-29
"Shai Gilgeous-Alexander","Oklahoma City Thunder","Vet",16.7,99.7,14.1,3.1,1.9,0.4,0.4,0.8,1.2,10.9,4.3,2.8,2.1,1.1,2025-04-29
"Dyson Daniels","Atlanta Hawks","Vet",32.7,101.4,14.1,4.6,4.2,1.5,0.6,2.2,2.1,11.6,2.3,2.5,4,2.3,2025-04-29
"Myles Turner","Indiana Pacers","Vet",27.3,97.1,14,1.5,4.6,1.2,1.6,0.7,1.2,10.3,2.8,5.2,1.9,2.3,2025-04-29
"Naz Reid","Minnesota Timberwolves","Vet",27.1,97,14,2.1,4.9,1.1,0.9,0.8,1.3,11,1.8,5.9,2.1,2.4,2025-04-29
"Russell Westbrook","Denver Nuggets","Vet",27.7,100.9,14,6,3.4,1.5,0.4,1.2,2.7,11,2.3,4.2,3.9,2.3,2025-04-29
"Tari Eason","Houston Rockets","Vet",28.4,98.2,13.9,1.9,4.5,2.3,0.9,1.8,1.2,11,2,3.9,4.4,2.5,2025-04-29
"Tobias Harris","Detroit Pistons","Vet",31.5,100.1,13.9,2,5.1,1,0.7,0.9,0.9,10.5,2.2,3,2.1,1.8,2025-04-29
"Christian Braun","Denver Nuggets","Vet",31.8,99.6,13.9,2.6,3.7,1.2,0.4,1,1,9.6,2.4,3,4.3,2,2025-04-29
"Chet Holmgren","Oklahoma City Thunder","Vet",26.5,99.3,13.8,1.7,5.9,1.6,2.1,0.7,1.4,10.1,3.4,3.8,3,1.9,2025-04-29
"Bennedict Mathurin","Indiana Pacers","Vet",25,98.2,13.8,1.6,3,0.9,0.3,0.5,1.4,10,3.5,3.6,2.8,1.8,2025-04-29
"Malik Beasley","Detroit Pistons","Vet",24.2,100.8,13.4,1.6,1.9,0.4,0.1,0.8,0.8,10.6,1.2,8.2,0.7,1.5,2025-04-29
"Jaden McDaniels","Minnesota Timberwolves","Vet",30.7,96.4,13.3,2.4,4.1,1.4,0.8,1.2,1.2,10.3,1.7,3.6,2.8,2.6,2025-04-29
"Onyeka Okongwu","Atlanta Hawks","Vet",28.6,102.4,13.2,2.3,6.1,3.3,1.1,0.9,1.2,9.3,2.7,2.4,4.5,2.7,2025-04-29
"Josh Hart","New York Knicks","Vet",36.4,95.7,13.2,5.6,7.7,2.1,0.4,1.3,2,10.3,2.6,3.3,3.9,2.4,2025-04-29
"Keon Johnson","Brooklyn Nets","Vet",27.7,95.4,13,2.6,3.2,0.9,0.5,1.2,1.6,11.5,2.2,5.7,2.9,2.6,2025-04-29
"Anthony Davis","Dallas Mavericks","Vet",18.5,96.4,12.9,1.8,5,1.7,1.2,0.6,1.2,9.9,3.6,1.2,2.9,1.3,2025-04-29
"Brook Lopez","Milwaukee Bucks","Vet",30.8,97.9,12.9,1.8,3.5,1.5,1.6,0.6,0.9,8.9,1.9,4.4,2.2,2,2025-04-29
"Miles McBride","New York Knicks","Vet",31.8,95.7,12.9,3.5,2.3,0.8,0.3,1.2,0.9,11.3,1.4,6,1.6,1.9,2025-04-29
"Ziaire Williams","Brooklyn Nets","Vet",30.4,94.6,12.9,1.9,4.4,1.1,0.5,1.1,1.1,10.3,2,6.6,2.4,2.6,2025-04-29
"Fred VanVleet","Houston Rockets","Vet",32.2,96.9,12.8,4.9,3.1,0.4,0.4,1.4,1.3,10.5,1.9,7.3,1.1,2.1,2025-04-29
"Jonathan Kuminga","Golden State Warriors","Vet",20.9,96.8,12.8,2,2.7,1.1,0.4,0.6,1.4,9.8,4.3,1.9,2.8,1.7,2025-04-29
"Mark Williams","Charlotte Hornets","Vet",24.9,98.7,12.8,2.5,6.4,2.8,1.2,0.7,1.3,9,3.1,0.4,5.5,2.3,2025-04-29
"Jarrett Allen","Cleveland Cavaliers","Vet",28.3,99.6,12.7,2,7.2,2.8,0.9,0.8,1.1,7.8,3.4,0.5,4.8,1.7,2025-04-29
"Aaron Nesmith","Indiana Pacers","Vet",27.8,98.6,12.4,1.6,3.1,0.8,0.4,0.8,0.8,9.1,1.7,5.3,1.9,2.7,2025-04-29
"Keegan Murray","Sacramento Kings","Vet",32.2,97.2,12.4,1.6,4.2,1.4,0.7,0.8,0.7,10,1,6.1,1.4,2.1,2025-04-29
"Jordan Clarkson","Utah Jazz","Vet",21,99.2,12.4,3.1,1.9,0.5,0.1,0.6,1.6,10.2,2.7,4.9,0.9,1.3,2025-04-29
"Zaccharie Risacher","Atlanta Hawks","Rookie",24.9,101.6,12.2,1.3,2.9,1,0.4,0.7,1.1,9.9,1.5,5.2,2.7,1.8,2025-04-29
"Jalen Duren","Detroit Pistons","Vet",26.5,101.1,12.1,2.5,7.3,3.5,1,0.7,1.6,7.6,3.1,0.5,5.6,3.1,2025-04-29
"De'Andre Hunter","Cleveland Cavaliers","Vet",22.6,99.8,11.9,1.4,2.7,0.6,0.2,0.5,0.9,8.2,2.9,4.6,1.2,2,2025-04-29
"Gary Trent Jr.","Milwaukee Bucks","Vet",24.9,97,11.9,1.5,2,0.3,0.1,1,0.6,9.4,1.1,6.1,0.9,1.6,2025-04-29
"Kevin Huerter","Chicago Bulls","Vet",27.8,100.3,11.8,2.3,3,0.6,0.3,1,1,10.3,0.9,6.9,1.2,1.9,2025-04-29
"Spencer Dinwiddie","Dallas Mavericks","Vet",27.1,99.1,11.8,4.1,2.3,0.3,0.2,0.8,1.3,9,2.9,4,1.3,1.6,2025-04-29
"Payton Pritchard","Boston Celtics","Vet",25.3,93.4,11.6,2.8,2.2,0.9,0.2,0.7,0.8,8.8,0.8,6.6,1.1,1.4,2025-04-29
"Santi Aldama","Memphis Grizzlies","Vet",24.2,101.5,11.6,2.5,4.6,1.3,0.6,0.7,0.9,9.5,1.4,4.9,2,1.3,2025-04-29
"Scoot Henderson","Portland Trail Blazers","Sophomore",23.3,98.6,11.6,4.3,2,0.7,0.1,0.8,2.1,9.5,2.8,4.2,2.2,2.3,2025-04-29
"Aaron Wiggins","Oklahoma City Thunder","Vet",21.5,99.5,11.5,1.7,2.5,0.9,0.2,0.7,0.9,9.1,1.1,4.5,2.7,1.2,2025-04-29
"Toumani Camara","Portland Trail Blazers","Sophomore",32.3,97.8,11.5,2.4,3.5,2,0.6,1.3,1.4,8.8,1.9,4.8,2.9,2.8,2025-04-29
"Tre Jones","Chicago Bulls","Vet",27.1,100.4,11.3,5.6,2.7,0.9,0.2,1,1.4,8.1,2,1.5,3.1,1.4,2025-04-29
"Brandin Podziemski","Golden State Warriors","Sophomore",25,96.8,11.2,3,3.8,1,0.2,0.9,1.1,9.2,1.5,4.9,1.2,1.4,2025-04-29
"Jrue Holiday","Boston Celtics","Vet",31.7,96.5,11.2,4.5,3.2,1.2,0.5,1.1,1.5,9.3,0.9,4.8,1.7,1.7,2025-04-29
"Keldon Johnson","San Antonio Spurs","Vet",21.3,98.2,11.2,1.4,2.9,1.2,0.2,0.5,1,8.3,2.3,3,3.2,1.4,2025-04-29
"Jalen Williams","Oklahoma City Thunder","Vet",17.3,100.4,11.1,2.8,2.3,0.4,0.3,0.8,1.1,9,2.3,2.9,1.6,1.3,2025-04-29
"Paul George","Philadelphia 76ers","Vet",22.6,97.4,11,2.7,3.3,0.4,0.3,1.1,1.5,9,1.7,4.7,1.1,1.8,2025-04-29
"Jamal Murray","Denver Nuggets","Vet",18.5,99.1,11,2.9,1.6,0.4,0.2,0.7,1,8.3,1.7,3.4,1.6,1,2025-04-29
"AJ Lawson","Toronto Raptors","Vet",23.3,98.8,11,1.5,2.8,0.8,0.2,0.6,0.9,9,2.1,5.3,2.8,2,2025-04-29
"Nicolas Claxton","Brooklyn Nets","Vet",29.1,94.7,10.9,2.7,5.6,2.4,1.6,0.8,1.3,8.7,2.7,0.5,4.3,2.2,2025-04-29
"John Collins","Utah Jazz","Vet",17.5,99.7,10.8,0.9,3.4,1.2,0.5,0.4,1.1,8.2,2.4,2.7,2,1.7,2025-04-29
"Trendon Watford","Brooklyn Nets","Vet",22,93.6,10.8,3.2,3,1.1,0.3,0.7,1.9,8.6,2.8,2,2.6,2.4,2025-04-29
"Jalen Johnson","Atlanta Hawks","Vet",20.8,102.8,10.7,2.6,4.5,1,0.5,0.9,1.5,8.7,2,2,3.2,1.4,2025-04-29
"Harrison Barnes","San Antonio Spurs","Vet",24.3,97,10.7,1.4,2.3,0.9,0.2,0.4,0.5,7.4,1.9,4.4,1.9,0.9,2025-04-29
"Moses Moody","Golden State Warriors","Vet",24.7,97,10.6,1.5,2.3,0.9,0.4,0.8,0.7,7.9,1.7,4.7,1.3,1.6,2025-04-29
"Donte DiVincenzo","Minnesota Timberwolves","Vet",22.9,99.4,10.5,3.2,2.8,0.5,0.2,1.1,1.1,8.5,1,6.1,1.2,1.6,2025-04-29
"Ty Jerome","Cleveland Cavaliers","Vet",18.1,98.4,10.3,2.8,1.6,0.6,0,0.8,1,8,1.9,3.1,1,1.3,2025-04-29
"Tyrese Martin","Brooklyn Nets","Vet",24,93.9,10.3,2.1,2.7,0.9,0.2,0.7,1.1,8.6,1.2,5.3,1.2,1.4,2025-04-29
"Duncan Robinson","Miami Heat","Vet",23.4,95,10.2,2.1,1.9,0.2,0.1,0.6,0.9,7.9,0.6,6,0.8,1.7,2025-04-29
"Matas Buzelis","Chicago Bulls","Rookie",22.9,101,10.2,1.4,3.1,0.8,0.8,0.4,1.1,8.2,1.5,3.8,2.5,1.8,2025-04-29
"Andrew Nembhard","Indiana Pacers","Vet",27.8,97.3,10.1,4.7,2.3,0.5,0.2,1,1.6,7.6,1.8,3,1.3,2.3,2025-04-29
"Jabari Smith Jr.","Houston Rockets","Vet",23.4,98.4,10.1,1.1,3.6,1.2,0.6,0.4,0.8,8,1.9,3.9,1.3,1.8,2025-04-29
"Kyle Filipowski","Utah Jazz","Rookie",19.8,101,10,1.9,3.9,1.4,0.2,0.6,1.4,7.4,1.9,3.5,1.9,2.1,2025-04-29
"Isaiah Collier","Utah Jazz","Rookie",27.1,100.9,10,6.6,2.8,0.6,0.1,1,2.9,8.1,2.3,2.2,2.5,2.2,2025-04-29
"Jamison Battle","Toronto Raptors","Rookie",25.4,97.7,10,1.4,2.9,0.9,0.3,0.5,0.5,8.7,0.5,6.4,0.7,2.1,2025-04-29
"Ausar Thompson","Detroit Pistons","Sophomore",22.3,100.6,9.9,2.1,3,2,0.6,1.3,1.4,7.2,2.3,0.4,4.2,2.6,2025-04-29
"Max Strus","Cleveland Cavaliers","Vet",24.9,100.3,9.9,2.8,3.1,0.8,0.2,0.6,0.9,7.5,0.8,5.8,1.2,1.9,2025-04-29
"Obi Toppin","Indiana Pacers","Vet",19.5,98.9,9.9,1.5,3.2,0.8,0.3,0.6,0.8,6.9,1.3,3.6,2.2,1.3,2025-04-29
"Walker Kessler","Utah Jazz","Vet",24.8,99.5,9.8,1.3,6.2,3.5,2,0.5,1.1,6.7,2,1,4.1,2,2025-04-29
"Bogdan Bogdanovic","Los Angeles Clippers","Vet",22,94.7,9.8,2.3,2.1,0.4,0.2,0.7,1.1,7.6,1.2,4.4,0.9,1.7,2025-04-29
"Kelly Olynyk","New Orleans Pelicans","Vet",24.2,96.8,9.8,3.3,4,1.7,0.5,0.9,1.7,7.1,2.4,2.2,2.4,2.9,2025-04-29
"Dalton Knecht","Los Angeles Lakers","Rookie",20.2,96.6,9.8,1.1,2.4,0.5,0.1,0.4,0.5,7.8,1.2,5,1.4,1.4,2025-04-29
"Justin Edwards","Philadelphia 76ers","Rookie",25.3,97.5,9.8,1.7,2.2,0.8,0.4,0.9,0.9,8.1,0.9,4.6,1.4,2.1,2025-04-29
"Max Christie","Dallas Mavericks","Vet",26.1,100,9.7,2.1,3,0.4,0.3,0.7,1,7.7,1.6,4.3,0.8,1.6,2025-04-29
"Rudy Gobert","Minnesota Timberwolves","Vet",28.7,95.8,9.6,1.5,5.9,3.2,1.3,0.7,1.1,5.9,3.3,0.4,4.4,2.3,2025-04-29
"Kevin Porter Jr.","Milwaukee Bucks","Vet",17.4,98.3,9.6,3,2.6,0.5,0.2,0.8,1.5,7.4,2,2.4,1.3,1.4,2025-04-29
"Isaiah Joe","Oklahoma City Thunder","Vet",21.4,97.9,9.5,1.6,2.1,0.4,0.1,0.6,0.6,7.7,0.7,5.9,0.6,1.4,2025-04-29
"Jonas Valanciunas","Sacramento Kings","Vet",19.1,95.2,9.5,1.9,5.7,2.4,0.6,0.4,1.3,7.2,1.9,0.5,2.8,2.2,2025-04-29
"Tim Hardaway Jr.","Detroit Pistons","Vet",24.9,100.3,9.5,1.5,2.2,0.3,0.1,0.6,0.6,7.8,1.5,5.3,0.7,1.2,2025-04-29
"Jeremy Sochan","San Antonio Spurs","Vet",21.7,99,9.5,2,3.4,1.7,0.4,0.7,1.2,7,1.6,1.7,3.7,1.9,2025-04-29
"Taurean Prince","Milwaukee Bucks","Vet",29.8,98.5,9.4,2.2,3.5,0.5,0.3,0.9,0.9,7.4,0.7,5.1,1.1,2,2025-04-29
"Nick Smith Jr.","Charlotte Hornets","Sophomore",21.4,96.4,9.4,2,1.7,0.3,0.1,0.4,1.1,8.6,0.9,4.3,0.6,1.4,2025-04-29
"Draymond Green","Golden State Warriors","Vet",28.6,98.5,9.3,6,5.2,1.1,1,1.3,2.2,7.1,2.1,3,1.6,2.9,2025-04-29
"Amen Thompson","Houston Rockets","Sophomore",22.4,96.3,9.3,2.8,3.8,1.9,0.7,0.9,1.4,7.1,2.2,0.7,3.1,1.8,2025-04-29
"Taran Armstrong","Golden State Warriors",NA,22.2,97,9.3,2.2,4.2,0.8,0.9,0.6,1,7.5,1.8,4.4,3,2.2,2025-04-29
"Jared Butler","Philadelphia 76ers","Vet",20.6,99.9,9.2,4.1,1.9,0.4,0.2,0.8,1.3,7.8,1.3,3.3,1.4,1.7,2025-04-29
"Noah Clowney","Brooklyn Nets","Sophomore",21.6,95,9.2,1,2.7,0.8,0.5,0.5,0.8,7.5,1.8,5.5,1.2,1.8,2025-04-29
"Day'Ron Sharpe","Brooklyn Nets","Vet",20.8,92.7,9.1,2.1,4.2,2.8,1,0.7,1.4,7,2,1,3.7,2.5,2025-04-29
"Guerschon Yabusele","Philadelphia 76ers","Vet",24.3,96.2,9.1,1.8,3.3,1.7,0.3,0.7,1,6.9,1.5,3.7,2,2,2025-04-29
"Nick Richards","Phoenix Suns","Vet",20,95.6,9.1,0.8,4.9,2.3,0.8,0.3,1,6.4,2.3,0.3,3.3,2.2,2025-04-29
"Dejounte Murray","New Orleans Pelicans","Vet",15.8,99.3,9,3.3,2.6,0.4,0.1,0.8,1.5,7.9,1.8,2.8,1.5,1,2025-04-29
"Dennis Schroder","Detroit Pistons","Vet",18.9,99.3,9,3.8,1.6,0.3,0.2,0.6,1.3,7.4,2,3.4,1,1.8,2025-04-29
"Jaylen Wells","Memphis Grizzlies","Rookie",24.1,101.3,9,1.5,2.1,0.9,0.1,0.6,0.6,7.3,1.3,4.4,1,1.7,2025-04-29
"Wendell Carter Jr.","Orlando Magic","Vet",25.1,95.1,8.9,1.8,4.8,2.1,0.5,0.6,1.1,7,2.5,2.1,2.4,2.8,2025-04-29
"Yves Missi","New Orleans Pelicans","Rookie",25,96.9,8.9,1.2,4.3,3,1.2,0.5,1.1,6.7,2.5,0.4,4.6,1.8,2025-04-29
"Mike Conley","Minnesota Timberwolves","Vet",24.8,95.6,8.8,4.2,2,0.4,0.2,1.1,1,6.2,1.1,4.3,0.5,1.5,2025-04-29
"Keon Ellis","Sacramento Kings","Vet",24.2,96.1,8.7,1.5,1.9,0.7,0.7,1.3,0.7,6.2,0.9,4.3,0.6,2.1,2025-04-29
"Scotty Pippen Jr.","Memphis Grizzlies","Vet",19.5,101.8,8.7,3.8,2.2,0.8,0.3,1.1,1.4,6.7,2,2.4,2,2.2,2025-04-29
"Orlando Robinson","Toronto Raptors","Vet",21.6,98.4,8.7,2.2,3.7,2.3,0.6,0.6,1.5,7.1,2.2,1.2,2.6,2.4,2025-04-29
"Kentavious Caldwell-Pope","Orlando Magic","Vet",29.7,94.4,8.6,1.9,1.8,0.4,0.4,1.2,0.7,7.1,1.1,3.8,0.7,1.8,2025-04-29
"Georges Niang","Atlanta Hawks","Vet",19.7,100.2,8.6,1.3,2.6,0.5,0.2,0.4,0.7,7.1,0.7,4.7,0.9,2.2,2025-04-29
"Kel'el Ware","Miami Heat","Rookie",22.5,95.9,8.6,1,5.3,1.9,1.1,0.6,0.9,6.6,1.1,1.7,2.9,1.8,2025-04-29
"Brice Sensabaugh","Utah Jazz","Sophomore",17,100.4,8.6,1.3,2,0.4,0.1,0.5,1,6.9,0.8,4.1,0.4,1.3,2025-04-29
"Al Horford","Boston Celtics","Vet",28,95.3,8.4,2.3,4.9,1.3,0.8,0.7,0.7,7,0.6,4.8,1,1.5,2025-04-29
"Caris LeVert","Atlanta Hawks","Vet",16.8,100.2,8.4,1.8,1.8,0.4,0.3,0.6,0.7,6.7,1.5,3.4,1.8,1.1,2025-04-29
"Jordan Hawkins","New Orleans Pelicans","Sophomore",19,97.7,8.4,1.1,1.9,0.3,0.3,0.5,0.7,7.4,1.2,4.6,0.8,0.8,2025-04-29
"Dorian Finney-Smith","Los Angeles Lakers","Vet",29.7,95.8,8.3,1.5,2.8,1.4,0.3,0.9,0.8,6.4,0.7,4.8,1.2,2,2025-04-29
"Nickeil Alexander-Walker","Minnesota Timberwolves","Vet",21.9,97.8,8.3,2,2.2,0.5,0.3,0.6,0.9,6.4,1.3,3.8,1.2,1.5,2025-04-29
"Luke Kennard","Memphis Grizzlies","Vet",20.5,100.8,8.3,2.9,1.9,0.5,0.1,0.6,1,6.4,0.7,3.4,0.6,0.9,2025-04-29
"Derrick Jones Jr.","Los Angeles Clippers","Vet",20.1,97.3,8.2,0.7,1.8,1,0.4,0.7,0.6,6,1.3,2.4,2.3,1.7,2025-04-29
"Cameron Payne","New York Knicks","Vet",17,95.5,8.2,3.1,1.4,0.3,0.2,0.6,1,7.1,1,4.1,1.1,1.6,2025-04-29
"Carlton Carrington","Washington Wizards","Rookie",23,99.9,8.2,3.5,2.7,0.3,0.2,0.6,1.3,7.1,0.8,3.7,0.6,1.7,2025-04-29
"Chris Paul","San Antonio Spurs","Vet",25.6,97.1,8.1,6.9,2.8,0.3,0.2,1.1,1.3,5.8,0.9,4,-0.1,1.6,2025-04-29
"Buddy Hield","Golden State Warriors","Vet",17.6,98.1,8.1,1.3,2,0.4,0.2,0.6,0.7,6.7,0.5,4.9,0.6,1.2,2025-04-29
"Tyrese Haliburton","Indiana Pacers","Vet",14.5,98.4,8,4,1.3,0.2,0.2,0.7,0.9,5.9,1.2,3.1,0.7,0.5,2025-04-29
"Jaxson Hayes","Los Angeles Lakers","Vet",23.7,97.4,8,1.4,4.1,1.9,1.1,0.7,0.9,4.7,2.2,0.4,3.6,2.6,2025-04-29
"Jordan Goodwin","Los Angeles Lakers","Vet",25,96.6,8,2.3,3.4,1.7,0.4,1.2,0.8,6.6,0.8,3.2,1.5,1.9,2025-04-29
"Damion Baugh","Charlotte Hornets","Rookie",22.8,95.9,8,3.2,2.2,0.6,0.1,0.9,1.6,7.3,1.2,3.4,2,1.5,2025-04-29
"Jaden Ivey","Detroit Pistons","Vet",14.1,97.3,7.9,2,1.3,0.5,0.2,0.4,1.2,6.4,1.7,2.7,1.4,1.3,2025-04-29
"Jerami Grant","Portland Trail Blazers","Vet",17.4,98,7.6,1.1,1.6,0.3,0.4,0.5,0.7,6.1,1.8,3.5,1.2,1.2,2025-04-29
"Jalen Wilson","Brooklyn Nets","Sophomore",19.4,93.9,7.6,1.5,1.7,0.7,0.1,0.4,0.7,6.1,1.4,3.6,1.1,1.5,2025-04-29
"Jalen Suggs","Orlando Magic","Vet",13.1,97,7.5,1.6,1.4,0.3,0.3,0.6,1.1,6.8,1.5,3.2,1,1.5,2025-04-29
"Jose Alvarado","New Orleans Pelicans","Vet",19.7,96.9,7.5,3.6,1.7,0.3,0.2,1,1,6.3,0.8,4.1,0.9,1.3,2025-04-29
"Deandre Ayton","Portland Trail Blazers","Vet",15.2,96.3,7.5,0.9,3.4,1.6,0.5,0.4,0.9,6.2,0.9,0.3,2.2,1.3,2025-04-29
"Jaden Hardy","Dallas Mavericks","Vet",13,99.3,7.5,1.2,1.2,0.2,0.1,0.4,0.9,6.1,1.2,3.1,0.9,1.3,2025-04-29
"Donovan Clingan","Portland Trail Blazers","Rookie",22.3,98.3,7.4,1.3,5.5,3.2,1.7,0.5,1.3,5.3,1.6,1,3.8,2.7,2025-04-29
"Andrew Wiggins","Miami Heat","Vet",13.4,95.2,7.4,1.1,1.3,0.5,0.3,0.4,0.7,5.9,1.7,2.5,1.2,0.8,2025-04-29
"DaQuan Jeffries","Charlotte Hornets","Vet",25.5,96.1,7.4,1.4,2.3,0.9,0.6,0.7,0.7,6.6,0.6,4.1,1.1,2.3,2025-04-29
"Daniel Gafford","Dallas Mavericks","Vet",14.6,97.4,7.1,0.9,2.8,1.7,1.3,0.4,0.8,4.5,2,0.2,3.5,2,2025-04-29
"Zach Collins","Chicago Bulls","Vet",16.9,100.5,7.1,1.6,3.1,1.7,0.6,0.5,0.9,5.2,1.4,1.9,1.9,2.2,2025-04-29
"Landry Shamet","New York Knicks","Vet",20.7,95.5,7.1,1,1.5,0.3,0.2,0.6,0.5,5.7,0.7,3.3,0.9,1.5,2025-04-29
"Anthony Black","Orlando Magic","Sophomore",17.6,94.8,7.1,1.9,1.7,0.4,0.3,0.7,1.1,5.6,2,2,1.7,1.5,2025-04-29
"Gabe Vincent","Los Angeles Lakers","Vet",21.2,97.9,7.1,1.6,1.3,0.2,0.1,0.7,0.6,6,0.4,4.6,0.4,1.9,2025-04-29
"Ryan Dunn","Phoenix Suns","Rookie",17.3,94.6,7.1,0.8,2.2,0.8,0.5,0.5,0.5,6,0.6,3.2,1.1,1.8,2025-04-29
"Jamal Shead","Toronto Raptors","Rookie",19.5,97.7,7.1,3.8,1.2,0.4,0.1,0.6,1.4,6.1,0.8,3,1.1,1.9,2025-04-29
"Zach Edey","Memphis Grizzlies","Rookie",16.7,100.7,7,0.8,3.3,2.5,1,0.4,0.9,5.2,1.3,0.5,2.7,2.2,2025-04-29
"Tyus Jones","Phoenix Suns","Vet",19,96.3,6.9,3.7,1.4,0.2,0,0.6,0.7,5.6,0.5,3.8,0.1,0.6,2025-04-29
"Davion Mitchell","Miami Heat","Vet",23.5,94.4,6.9,3.7,1.5,0.5,0.2,0.7,1.3,5,1.2,2.3,1.6,2,2025-04-29
"Ricky Council IV","Philadelphia 76ers","Sophomore",16.4,97,6.9,1.3,1.8,0.6,0.2,0.5,0.5,5.9,1.4,3,1.2,0.9,2025-04-29
"Julian Champagnie","San Antonio Spurs","Vet",16.8,99.5,6.8,1.1,2,0.7,0.3,0.5,0.6,5.2,0.8,3.9,1,1,2025-04-29
"Josh Green","Charlotte Hornets","Vet",25.2,98.3,6.8,1.6,1.8,0.7,0.2,1,0.7,5.6,0.8,3.3,0.7,2,2025-04-29
"Jaime Jaquez Jr.","Miami Heat","Sophomore",17.1,96.7,6.8,1.9,2.3,1,0.2,0.7,1.1,5.4,1.6,1.2,2,1.1,2025-04-29
"Terance Mann","Atlanta Hawks","Vet",17.2,99,6.8,1.5,1.6,0.7,0.2,0.4,0.7,5.3,0.9,2.3,1.3,1.5,2025-04-29
"Patrick Williams","Chicago Bulls","Vet",18.5,100.9,6.8,1.3,2.2,0.6,0.4,0.6,0.9,6,1.1,3,1.4,1.2,2025-04-29
"Colin Castleton","Toronto Raptors","Sophomore",23.8,98.6,6.8,1.5,3.7,2.8,0.7,0.6,1.4,5.3,1.7,0.5,2.3,2.6,2025-04-29
"Royce O'Neale","Phoenix Suns","Vet",19.6,96.9,6.7,1.8,3.2,0.5,0.3,0.7,0.6,5.5,0.2,4.5,0.4,1.6,2025-04-29
"Jalen Hood-Schifino","Philadelphia 76ers","Sophomore",17.3,98,6.7,1.6,1.7,0.4,0.3,0.5,0.7,5.5,1,3.7,0.7,1.5,2025-04-29
"Gary Payton II","Golden State Warriors","Vet",15.3,98,6.6,1.2,1.9,0.8,0.3,0.8,0.6,5,0.7,2,1.9,1.7,2025-04-29
"T.J. McConnell","Indiana Pacers","Vet",14.3,97.7,6.6,3.8,1.4,0.4,0.1,0.8,1.1,5.9,0.7,0.7,1.6,0.9,2025-04-29
"Quinten Post","Golden State Warriors","Rookie",14.5,97.1,6.6,1.1,2.5,0.9,0.5,0.4,0.6,5.3,0.5,3.5,0.8,1.7,2025-04-29
"Amir Coffey","Los Angeles Clippers","Vet",16.9,94.6,6.5,0.8,1.2,0.3,0.1,0.4,0.4,4.9,1,2.4,0.7,1.2,2025-04-29
"Sam Hauser","Boston Celtics","Vet",18.1,94.9,6.4,0.8,2.2,0.5,0.2,0.4,0.3,5.2,0.1,4.4,0.2,1.1,2025-04-29
"Trey Lyles","Sacramento Kings","Vet",18.4,97.3,6.4,1.3,3.4,1.2,0.3,0.5,0.6,5.1,1.1,2.9,1.1,1.2,2025-04-29
"Grayson Allen","Phoenix Suns","Vet",16.1,96.5,6.3,1.4,1.6,0.3,0.2,0.5,0.6,4.4,0.9,3.4,0.6,1,2025-04-29
"A.J. Green","Milwaukee Bucks","Vet",20,98.8,6.3,1.4,1.7,0.2,0.1,0.5,0.5,5.1,0.5,4.3,0.1,1.8,2025-04-29
"Marcus Smart","Washington Wizards","Vet",14,97.8,6.2,2.4,1.1,0.3,0.1,0.7,1.2,5.3,1.3,2.7,0.5,1.2,2025-04-29
"Jared McCain","Philadelphia 76ers","Rookie",12.1,96.6,6.2,1.3,0.9,0.3,0,0.4,0.7,5.1,1,2.6,1,0.9,2025-04-29
"Ja Morant","Memphis Grizzlies","Vet",8,103,6.1,1.8,0.9,0.1,0.1,0.3,0.9,4.6,1.7,1.4,1.1,0.6,2025-04-29
"Kelly Oubre Jr.","Philadelphia 76ers","Vet",13,97.5,6.1,0.8,1.6,0.6,0.2,0.6,0.5,4.9,1.4,1.4,1.7,1.2,2025-04-29
"Johnny Juzang","Utah Jazz","Vet",13.9,99.6,6.1,0.7,1.7,0.4,0.1,0.4,0.4,5,0.7,3.2,0.4,1.4,2025-04-29
"Kessler Edwards","Dallas Mavericks","Vet",19.4,99.3,6,1.2,2.8,0.8,0.5,0.7,0.6,4.5,0.6,2,1.5,1.9,2025-04-29
"Sandro Mamukelashvili","San Antonio Spurs","Vet",10.4,97.1,5.9,0.8,2,0.9,0.3,0.3,0.4,4.5,0.9,2.8,1.3,0.9,2025-04-29
"Duop Reath","Portland Trail Blazers","Sophomore",13.3,98.7,5.9,0.7,1.8,1,0.5,0.4,0.5,4.7,0.7,3.2,1.1,1.5,2025-04-29
"Oshae Brissett","Philadelphia 76ers","Vet",17.7,97.7,5.9,1,2.5,1.2,0.3,0.6,0.6,4.3,1.5,1.9,1.5,1.5,2025-04-29
"Peyton Watson","Denver Nuggets","Vet",18.1,99.6,5.9,1.2,2,0.6,0.9,0.5,0.6,4.3,1.2,1.5,1.9,1.4,2025-04-29
"Bruce Brown","New Orleans Pelicans","Vet",17,96.5,5.9,1.7,2,0.7,0.1,0.6,0.8,5.1,1,1.6,1.5,1.4,2025-04-29
"Vit Krejci","Atlanta Hawks","Vet",17.3,99.7,5.7,1.9,1.8,0.3,0.3,0.5,0.6,4.4,0.5,3.4,0.5,1.6,2025-04-29
"Moritz Wagner","Orlando Magic","Vet",9.1,97.2,5.6,0.8,1.6,0.8,0.2,0.3,0.7,3.9,1.4,1.2,1.9,1.1,2025-04-29
"Bilal Coulibaly","Washington Wizards","Sophomore",14.6,100,5.6,1.4,1.5,0.7,0.3,0.6,0.9,4.7,1.4,1.6,1.6,1.1,2025-04-29
"Brandon Clarke","Memphis Grizzlies","Vet",11.9,101.5,5.5,0.8,2,1.3,0.4,0.5,0.5,3.8,1,0.2,1.8,1.5,2025-04-29
"Nikola Jovic","Miami Heat","Vet",13.3,95.9,5.5,1.4,1.7,0.3,0.1,0.4,0.7,4.3,0.8,2.6,0.7,1,2025-04-29
"Kai Jones","Dallas Mavericks","Vet",13,96.3,5.5,0.6,2.2,1,0.5,0.4,0.6,3.7,0.9,0.3,2.1,1.2,2025-04-29
"Malcolm Brogdon","Washington Wizards","Vet",10.8,99.1,5.5,1.9,1.2,0.4,0.1,0.3,0.8,4.6,1.5,1.1,1.3,0.7,2025-04-29
"Maxwell Lewis","Brooklyn Nets","Sophomore",14.5,95.4,5.4,1,1.7,0.5,0.2,0.5,0.6,4.2,0.7,2.2,0.9,1.3,2025-04-29
"Devin Carter","Sacramento Kings","Rookie",13.1,97,5.3,1.6,1.6,0.6,0.1,0.6,0.7,4.2,1.3,2.1,0.9,1.1,2025-04-29
"Isaiah Stewart","Detroit Pistons","Vet",16.9,99,5.3,1.3,3.1,1.6,1.1,0.3,0.8,3.8,1.2,0.8,2,2.1,2025-04-29
"Thomas Bryant","Indiana Pacers","Vet",11.8,97.6,5.2,0.7,2.1,1,0.4,0.3,0.4,3.9,0.8,1.8,1.4,1,2025-04-29
"Dereck Lively II","Dallas Mavericks","Sophomore",12.7,97.8,5.1,1.2,2.5,1.6,0.8,0.3,0.7,3.4,1.1,0.2,2,1.6,2025-04-29
"Julian Phillips","Chicago Bulls","Sophomore",15,99.3,5.1,0.7,1.4,0.9,0.3,0.5,0.4,3.6,1,2,1.2,1.4,2025-04-29
"Jonathan Mogbo","Toronto Raptors","Rookie",16.7,96.6,5.1,1.3,2.4,1.3,0.4,0.6,0.7,4.2,1,1,1.9,1.9,2025-04-29
"Jusuf Nurkic","Charlotte Hornets","Vet",12,97.8,5,1.4,3.3,1.2,0.4,0.5,1,3.9,1.6,1.1,1.4,1.7,2025-04-29
"Ben Sheppard","Indiana Pacers","Sophomore",17.4,97.9,5,1.2,1.9,0.6,0.1,0.6,0.3,3.8,0.5,2.5,0.7,1.7,2025-04-29
"Marcus Garrett","Charlotte Hornets","Vet",14.7,94.8,5,1.7,1.3,0.5,0.2,0.5,0.9,4.3,0.8,1.5,0.9,1.7,2025-04-29
"Tristan Vukcevic","Washington Wizards","Sophomore",9.1,98.4,4.9,0.6,1.8,0.5,0.4,0.3,0.5,3.9,1,2,1,1.1,2025-04-29
"Vince Williams Jr.","Memphis Grizzlies","Vet",14.2,100,4.9,1.6,2.1,0.5,0.2,0.5,0.7,4.3,0.8,2.3,0.6,1.3,2025-04-29
"Karlo Matkovic","New Orleans Pelicans","Rookie",13.6,97.5,4.9,0.8,2.3,1.1,0.6,0.3,0.7,3.6,0.9,0.9,1.6,1.6,2025-04-29
"Cory Joseph","Orlando Magic","Vet",17,96.4,4.9,1.9,1.3,0.4,0.1,0.5,0.6,4.1,0.4,2.7,0.4,1.5,2025-04-29
"Kris Dunn","Los Angeles Clippers","Vet",20.9,96.1,4.8,2.5,2.1,0.7,0.3,1.3,0.8,4.3,0.3,2,0.7,2.2,2025-04-29
"Ronald Holland II","Detroit Pistons","Rookie",11.7,99.1,4.8,0.9,1.5,0.4,0.2,0.4,0.6,3.6,1.2,1.1,1.2,1.4,2025-04-29
"AJ Johnson","Washington Wizards","Rookie",15.3,98.1,4.8,2.4,1.6,0.4,0.1,0.5,0.9,4.2,0.6,2,1.4,1.1,2025-04-29
"Cody Williams","Utah Jazz","Rookie",18.8,100.9,4.8,1,1.7,0.5,0.2,0.4,0.7,4.3,0.6,2.4,0.4,1.5,2025-04-29
"Isaiah Hartenstein","Oklahoma City Thunder","Vet",11.8,98.6,4.7,1.4,3.1,1.3,0.4,0.4,0.6,3.6,0.9,0.2,1.5,1.2,2025-04-29
"Seth Curry","Charlotte Hornets","Vet",11.8,95.9,4.7,0.7,0.9,0.2,0.1,0.3,0.3,3.8,0.3,2.3,0.2,0.7,2025-04-29
"Kenrich Williams","Oklahoma City Thunder","Vet",13.3,97.5,4.6,1,2,0.8,0.1,0.5,0.4,3.8,0.3,2.1,0.9,1.3,2025-04-29
"Herbert Jones","New Orleans Pelicans","Vet",13.4,97.5,4.6,1.3,1.2,0.4,0.2,0.7,0.7,3.6,0.8,1.6,1,1.5,2025-04-29
"Goga Bitadze","Orlando Magic","Vet",13.5,94.5,4.6,1.2,2.6,1.6,0.9,0.4,0.6,2.9,1.4,0.3,2.2,1.7,2025-04-29
"Sam Merrill","Cleveland Cavaliers","Vet",12.8,97.7,4.6,0.9,1,0.3,0.1,0.4,0.2,3.6,0.3,3.1,0.2,1,2025-04-29
"Simone Fontecchio","Detroit Pistons","Vet",12.1,100.8,4.6,0.8,1.7,0.5,0.1,0.3,0.5,3.7,0.7,2.1,0.7,0.9,2025-04-29
"Lauri Markkanen","Utah Jazz","Vet",7.7,100.1,4.5,0.4,1.1,0.3,0.1,0.2,0.3,3.7,0.8,2.1,0.6,0.4,2025-04-29
"Precious Achiuwa","New York Knicks","Vet",13.6,96.7,4.5,0.7,2.3,1.4,0.5,0.4,0.5,3.6,0.9,0.3,2,1.2,2025-04-29
"Clint Capela","Atlanta Hawks","Vet",10.6,100.1,4.4,0.5,2.6,1.6,0.5,0.3,0.4,3.4,0.9,0.2,2.2,1,2025-04-29
"Jaylin Williams","Oklahoma City Thunder","Vet",14.2,99.4,4.4,2.1,3.6,0.9,0.5,0.4,0.6,3.7,0.4,2.6,0.5,1.4,2025-04-29
"Saddiq Bey","Washington Wizards","Vet",10,98.8,4.4,0.6,1.2,0.7,0.1,0.3,0.3,3.8,1,1.7,0.9,0.5,2025-04-29
"Brandon Boston Jr.","New Orleans Pelicans","Vet",9.6,97.5,4.4,0.7,1,0.3,0.1,0.4,0.5,3.9,0.9,1.4,0.9,0.8,2025-04-29
"Branden Carlson","Oklahoma City Thunder","Rookie",10.3,98.2,4.4,0.5,1.8,0.7,0.6,0.3,0.4,3.4,0.6,2.4,0.5,1.3,2025-04-29
"Moussa Diabate","Charlotte Hornets","Vet",12.2,94,4.3,0.7,2.2,1.6,0.4,0.4,0.6,3.1,1.4,0.2,1.9,1.2,2025-04-29
"Alec Burks","Miami Heat","Vet",10.9,94.5,4.2,0.7,1.4,0.2,0.1,0.3,0.3,3.2,0.7,2.4,0.2,0.6,2025-04-29
"Jarred Vanderbilt","Los Angeles Lakers","Vet",15.4,97.4,4.1,1.2,2.8,1.5,0.3,0.8,0.7,2.9,1,0.9,1.7,1.5,2025-04-29
"Chuma Okeke","Philadelphia 76ers","Vet",14.3,97.3,4.1,0.9,2.2,0.9,0.2,0.6,0.4,2.8,0.4,2.3,0.6,0.7,2025-04-29
"Corey Kispert","Washington Wizards","Vet",9.2,99.2,4.1,0.6,0.9,0.2,0.1,0.2,0.3,3.1,0.5,2,0.6,0.6,2025-04-29
"JT Thor","Washington Wizards","Vet",12.6,95.3,4.1,0.8,1.5,0.7,0.4,0.3,0.5,3.4,0.7,1.4,1,1,2025-04-29
"Brandon Williams","Dallas Mavericks","Vet",7.5,100,4,1.1,0.7,0.2,0.1,0.3,0.5,2.8,0.8,1.1,0.8,0.5,2025-04-29
"Alex Reese","Philadelphia 76ers","Rookie",11.9,98.6,4,0.5,1.9,0.6,0.5,0.4,0.3,3.1,0.6,2.3,0.4,1.3,2025-04-29
"Julian Strawther","Denver Nuggets","Sophomore",9.5,98.6,4,0.6,0.8,0.1,0.1,0.3,0.4,3.4,0.5,2,0.4,1,2025-04-29
"De'Aaron Fox","San Antonio Spurs","Vet",6.5,99,3.9,1.2,0.7,0.1,0.1,0.3,0.5,3.1,0.8,1.1,0.6,0.5,2025-04-29
"Dean Wade","Cleveland Cavaliers","Vet",15.8,97.2,3.9,0.9,2.6,0.7,0.2,0.5,0.3,3.3,0.3,2.7,0.3,1.3,2025-04-29
"Mouhamed Gueye","Atlanta Hawks","Sophomore",11.5,100.1,3.9,0.6,1.7,0.8,0.7,0.5,0.3,3.4,0.6,1.8,0.9,1.3,2025-04-29
"Jaylen Martin","Washington Wizards","Sophomore",10.7,95.2,3.9,0.7,1.5,0.7,0.1,0.3,0.6,3.5,0.6,1.2,1.2,0.7,2025-04-29
"Wendell Moore Jr.","Charlotte Hornets","Vet",11.1,96.4,3.8,0.9,1.5,0.6,0.1,0.4,0.5,3,0.7,1,1.2,0.8,2025-04-29
"Cody Martin","Phoenix Suns","Vet",11.6,98.9,3.7,1.1,1.6,0.4,0.3,0.5,0.5,3.3,0.6,1.4,0.8,1,2025-04-29
"Isaac Okoro","Cleveland Cavaliers","Vet",11.8,96.4,3.6,0.7,0.9,0.5,0.2,0.4,0.3,2.9,0.5,1.8,0.8,1.2,2025-04-29
"Jeff Dowtin","Philadelphia 76ers","Vet",7.9,95.8,3.6,1,0.7,0.2,0.1,0.3,0.3,3,0.5,1,0.6,0.4,2025-04-29
"Haywood Highsmith","Miami Heat","Vet",14.1,94.7,3.6,0.9,1.4,0.5,0.3,0.5,0.4,2.8,0.3,1.7,0.5,1.3,2025-04-29
"Luke Kornet","Boston Celtics","Vet",12.6,93.9,3.5,0.9,1.8,1.5,0.6,0.3,0.3,2.3,0.8,0.2,1.7,1.1,2025-04-29
"Ben Simmons","Los Angeles Clippers","Vet",12.9,95.4,3.5,3,2.2,0.7,0.3,0.5,1,2.7,0.6,0.2,1.2,1.4,2025-04-29
"Jeremiah Robinson-Earl","New Orleans Pelicans","Vet",10.5,96.9,3.4,0.7,1.8,0.8,0.1,0.3,0.3,2.6,0.5,1.3,0.8,0.7,2025-04-29
"Oso Ighodaro","Phoenix Suns","Rookie",13.3,96.1,3.4,0.9,2.2,1,0.4,0.3,0.5,2.5,0.7,0.2,1,1.5,2025-04-29
"Tristan da Silva","Orlando Magic","Rookie",10.4,94.1,3.3,0.7,1.1,0.4,0.1,0.2,0.3,2.7,0.4,1.4,0.6,0.7,2025-04-29
"Jonathan Isaac","Orlando Magic","Vet",9,95.5,3.2,0.4,1.6,0.9,0.6,0.5,0.3,2.7,0.7,1.2,0.9,0.8,2025-04-29
"Larry Nance Jr.","Atlanta Hawks","Vet",9,98.7,3.2,0.7,1.6,0.6,0.2,0.4,0.3,2.7,0.3,1.4,0.8,0.8,2025-04-29
"Blake Wesley","San Antonio Spurs","Vet",9,97.6,3.1,1.8,0.8,0.2,0.1,0.4,0.6,2.4,0.8,0.7,1.2,0.7,2025-04-29
"Alex Caruso","Oklahoma City Thunder","Vet",8.6,97.6,3,1.1,0.9,0.3,0.2,0.6,0.4,2.4,0.4,1.4,0.7,0.8,2025-04-29
"Christian Koloko","Los Angeles Lakers","Vet",10.4,95.7,3,0.6,1.7,1,0.5,0.3,0.4,2.2,0.6,0.1,1.4,1.4,2025-04-29
"Eric Gordon","Philadelphia 76ers","Vet",8.5,96.3,3,0.7,0.5,0.1,0.1,0.3,0.3,2.1,0.4,1.6,0.3,0.4,2025-04-29
"Jaylen Clark","Minnesota Timberwolves","Sophomore",9.3,99,3,0.5,0.6,0.4,0,0.5,0.2,2.1,0.5,1,0.7,1,2025-04-29
"Cason Wallace","Oklahoma City Thunder","Sophomore",8.6,99.4,2.9,0.7,0.8,0.3,0.1,0.5,0.3,2.3,0.2,1,0.7,0.7,2025-04-29
"Kris Murray","Portland Trail Blazers","Sophomore",10.3,98.2,2.9,0.6,1.2,0.7,0.1,0.4,0.4,2.5,0.5,1.1,1,0.7,2025-04-29
"Nicolas Batum","Los Angeles Clippers","Vet",13,95.7,2.9,0.8,1.6,0.5,0.3,0.5,0.3,2.3,0.1,2.1,0.1,1,2025-04-29
"Caleb Martin","Dallas Mavericks","Vet",9.7,97.8,2.9,0.8,1,0.4,0.2,0.3,0.4,2.4,0.6,0.9,0.6,0.7,2025-04-29
"Micah Potter","Utah Jazz","Vet",10.8,97.7,2.9,0.5,1.8,0.7,0.2,0.2,0.4,2,0.3,1.4,0.3,0.9,2025-04-29
"Stephen Curry","Golden State Warriors","Vet",3.7,100.4,2.8,0.7,0.4,0.1,0,0.1,0.3,2,0.5,1.3,0.2,0.2,2025-04-29
"Steven Adams","Houston Rockets","Vet",10.1,96.9,2.8,0.8,2,1.4,0.4,0.3,0.6,2.1,1.2,0.2,1.2,0.8,2025-04-29
"Dalen Terry","Chicago Bulls","Vet",7.4,101,2.8,0.8,0.7,0.3,0.1,0.3,0.4,2.2,0.6,0.8,0.8,0.9,2025-04-29
"Ajay Mitchell","Oklahoma City Thunder","Rookie",6.9,97.1,2.8,0.7,0.6,0.2,0,0.3,0.4,2.2,0.5,0.8,0.5,0.7,2025-04-29
"Kevon Looney","Golden State Warriors","Vet",8.5,97.1,2.7,0.8,2,1.2,0.3,0.3,0.3,2,0.6,0.1,1.2,1.2,2025-04-29
"Taylor Hendricks","Utah Jazz","Sophomore",7.9,98.1,2.7,0.4,1.2,0.4,0.3,0.3,0.3,2.3,0.4,1.2,0.5,0.7,2025-04-29
"Garrett Temple","Toronto Raptors","Vet",13.1,99.2,2.7,1.4,1.2,0.5,0.2,0.6,0.5,2.7,0.5,1.5,0.4,1.4,2025-04-29
"Collin Gillespie","Phoenix Suns","Vet",7.4,95.9,2.6,1.3,0.8,0.2,0.1,0.3,0.3,2.2,0.3,1.1,0.2,0.7,2025-04-29
"Oscar Tshiebwe","Utah Jazz","Sophomore",7,96.1,2.6,0.4,1.8,0.9,0.1,0.2,0.3,1.9,0.7,0.1,0.8,0.8,2025-04-29
"Jalen Pickett","Denver Nuggets","Sophomore",7.4,96.8,2.6,1.1,0.7,0.1,0.1,0.2,0.3,2.3,0.2,1.4,0.1,0.5,2025-04-29
"GG Jackson","Memphis Grizzlies","Sophomore",5.4,98.7,2.6,0.4,0.7,0.3,0.1,0.1,0.3,2.2,0.5,1.2,0.6,0.4,2025-04-29
"Colby Jones","Washington Wizards","Sophomore",6.9,94.5,2.5,0.6,0.8,0.4,0.2,0.3,0.4,1.9,0.4,0.8,0.4,0.7,2025-04-29
"Cole Anthony","Orlando Magic","Vet",4.7,95.2,2.4,0.7,0.6,0.2,0.1,0.2,0.3,2,0.4,0.8,0.3,0.6,2025-04-29
"Gui Santos","Golden State Warriors","Sophomore",7.3,96.5,2.4,0.7,1.1,0.6,0.1,0.2,0.4,1.8,0.4,0.9,0.5,0.9,2025-04-29
"Anthony Gill","Washington Wizards","Vet",7.3,94.8,2.4,0.4,0.8,0.4,0.1,0.2,0.3,1.6,0.6,0.6,0.6,0.7,2025-04-29
"Neemias Queta","Boston Celtics","Vet",6.4,93.8,2.3,0.3,1.1,0.7,0.3,0.1,0.3,1.6,0.5,0.1,1,0.9,2025-04-29
"Zeke Nnaji","Denver Nuggets","Vet",7.4,96.9,2.3,0.3,0.8,0.6,0.4,0.2,0.2,1.7,0.5,0.6,0.8,0.9,2025-04-29
"Lonnie Walker IV","Philadelphia 76ers","Vet",5,98.2,2.3,0.4,0.6,0.1,0.1,0.1,0.3,2.1,0.2,1.3,0.3,0.3,2025-04-29
"Shake Milton","Los Angeles Lakers","Vet",5.7,95.6,2.3,0.6,0.5,0.2,0,0.2,0.3,1.8,0.5,0.7,0.4,0.5,2025-04-29
"Dominick Barlow","Atlanta Hawks","Vet",5.9,99.8,2.3,0.3,0.9,0.5,0.3,0.2,0.2,1.9,0.5,0.3,0.7,0.7,2025-04-29
"Jarace Walker","Indiana Pacers","Sophomore",6.2,97,2.2,0.5,1,0.2,0.1,0.3,0.3,1.9,0.3,1,0.3,0.6,2025-04-29
"Mason Plumlee","Phoenix Suns","Vet",7.3,96.4,2,0.7,2,0.8,0.2,0.2,0.3,1.2,0.7,0.1,0.8,0.9,2025-04-29
"Ryan Rollins","Milwaukee Bucks","Vet",4.6,98.1,2,0.5,0.5,0.1,0.1,0.2,0.3,1.7,0.3,0.8,0.4,0.5,2025-04-29
"Jay Huff","Memphis Grizzlies","Vet",4,100.8,2,0.2,0.6,0.2,0.3,0.1,0.2,1.5,0.3,1.1,0.3,0.5,2025-04-29
"Adem Bona","Philadelphia 76ers","Rookie",5.8,96.9,2,0.2,0.9,0.6,0.3,0.2,0.3,1.2,0.6,0.1,0.9,0.8,2025-04-29
"Jake LaRavia","Sacramento Kings","Vet",5.9,97.1,2,0.5,0.7,0.3,0.1,0.2,0.3,1.5,0.4,0.8,0.3,0.6,2025-04-29
"Dillon Jones","Oklahoma City Thunder","Rookie",7.2,97.8,2,0.8,1,0.3,0.1,0.2,0.3,1.7,0.3,0.9,0.4,0.7,2025-04-29
"Kenyon Martin Jr.","Utah Jazz","Vet",6.9,101.9,2,0.4,0.8,0.3,0.1,0.2,0.2,1.5,0.3,0.4,0.6,0.8,2025-04-29
"Spencer Jones","Denver Nuggets","Rookie",6.7,97.5,2,0.4,0.7,0.4,0.2,0.2,0.2,1.7,0.3,0.7,0.5,0.8,2025-04-29
"Justin Champagnie","Washington Wizards","Vet",5,99.1,1.9,0.3,0.8,0.4,0.1,0.2,0.2,1.5,0.3,0.8,0.5,0.4,2025-04-29
"Trey Murphy III","New Orleans Pelicans","Vet",3.4,98.7,1.9,0.3,0.4,0.1,0.1,0.1,0.2,1.5,0.4,0.7,0.4,0.2,2025-04-29
"Bismack Biyombo","San Antonio Spurs","Vet",7.2,97.3,1.9,0.4,1.4,0.7,0.4,0.2,0.3,1.3,0.4,0.1,0.7,0.9,2025-04-29
"Dwight Powell","Dallas Mavericks","Vet",8.6,97.3,1.8,0.8,1.2,0.9,0.3,0.3,0.3,1.1,0.7,0.1,0.8,1.2,2025-04-29
"Aaron Holiday","Houston Rockets","Vet",4.4,97.6,1.8,0.4,0.4,0.1,0,0.1,0.2,1.5,0.2,1,0.1,0.4,2025-04-29
"Dru Smith","Miami Heat","Vet",5.3,97.7,1.8,0.5,0.5,0.2,0.1,0.3,0.3,1.3,0.2,0.7,0.3,0.6,2025-04-29
"Markelle Fultz","Sacramento Kings","Vet",4.2,95.8,1.8,0.5,0.4,0.2,0.1,0.2,0.3,1.6,0.2,0.2,0.4,0.3,2025-04-29
"Matisse Thybulle","Portland Trail Blazers","Vet",7.1,98.1,1.7,0.5,0.8,0.2,0.2,0.5,0.2,1.7,0.2,1,0.4,0.5,2025-04-29
"Dalano Banton","Portland Trail Blazers","Vet",3.9,97.6,1.7,0.5,0.4,0.1,0.1,0.1,0.2,1.4,0.3,0.6,0.4,0.2,2025-04-29
"Kyle Lowry","Philadelphia 76ers","Vet",7.6,96.3,1.7,1.3,0.7,0.2,0.1,0.3,0.4,1.3,0.4,1,0.1,0.8,2025-04-29
"Jaylen Brown","Boston Celtics","Vet",2.6,96.5,1.6,0.3,0.4,0.1,0,0.1,0.2,1.3,0.4,0.4,0.3,0.2,2025-04-29
"Tony Bradley","Indiana Pacers","Vet",4.1,96.6,1.6,0.3,0.7,0.5,0.2,0.1,0.2,1.2,0.3,0.2,0.7,0.4,2025-04-29
"Vlatko Cancar","Denver Nuggets","Vet",5.9,97.6,1.5,0.5,1,0.3,0.1,0.1,0.3,1,0.2,0.6,0.3,0.5,2025-04-29
"Terrence Shannon Jr.","Minnesota Timberwolves","Rookie",3.3,99.2,1.4,0.3,0.4,0.1,0,0.1,0.2,1.1,0.2,0.3,0.4,0.3,2025-04-29
"Chris Boucher","Toronto Raptors","Vet",2.3,96.1,1.3,0.1,0.4,0.2,0.1,0.1,0.1,1,0.3,0.5,0.3,0.2,2025-04-29
"Gary Harris","Orlando Magic","Vet",7.9,96,1.3,0.4,0.5,0.2,0.1,0.3,0.2,1.2,0.2,0.9,0.1,0.6,2025-04-29
"Tyler Kolek","New York Knicks","Rookie",3.3,96.3,1.3,0.5,0.3,0.1,0,0.1,0.2,1.1,0.2,0.6,0.2,0.3,2025-04-29
"Isaac Jones","Sacramento Kings","Rookie",3.2,97.1,1.3,0.2,0.4,0.3,0.1,0.1,0.2,0.9,0.4,0.2,0.4,0.4,2025-04-29
"Andre Jackson Jr.","Milwaukee Bucks","Sophomore",4.3,99,1.3,0.4,0.5,0.3,0.1,0.1,0.2,1,0.2,0.4,0.4,0.6,2025-04-29
"Jeff Green","Houston Rockets","Vet",3.7,96.1,1.3,0.2,0.4,0.1,0.1,0.1,0.1,1,0.2,0.6,0.1,0.3,2025-04-29
"Terry Rozier","Miami Heat","Vet",2.8,95.5,1.2,0.3,0.3,0.1,0,0.1,0.1,1.1,0.2,0.5,0.2,0.1,2025-04-29
"Anton Watson","New York Knicks","Rookie",3.3,96.5,1.2,0.3,0.4,0.3,0.1,0.1,0.2,1,0.3,0.2,0.3,0.4,2025-04-29
"Jalen Smith","Chicago Bulls","Vet",2.1,100.8,1.1,0.2,0.5,0.2,0.1,0,0.1,0.9,0.2,0.5,0.3,0.2,2025-04-29
"Bronny James","Los Angeles Lakers","Rookie",2.8,96.1,1.1,0.3,0.2,0.1,0,0.1,0.1,1,0.2,0.6,0.1,0.2,2025-04-29
"Markieff Morris","Los Angeles Lakers","Vet",3,98.6,1.1,0.3,0.4,0.1,0,0.1,0.2,1.1,0.1,0.6,0.1,0.3,2025-04-29
"Darius Garland","Cleveland Cavaliers","Vet",1.5,100.5,1,0.3,0.1,0,0,0.1,0.1,0.8,0.2,0.4,0.1,0.1,2025-04-29
"Robert Williams III","Portland Trail Blazers","Vet",3.2,96.4,1,0.2,0.7,0.3,0.3,0.1,0.1,0.7,0.2,0.1,0.4,0.3,2025-04-29
"Delon Wright","New York Knicks","Vet",4.1,95.9,1,0.5,0.4,0.2,0.1,0.3,0.1,0.9,0.2,0.5,0.2,0.2,2025-04-29
"Caleb Houstan","Orlando Magic","Vet",3.4,94,1,0.2,0.2,0.1,0,0.1,0.1,0.8,0.1,0.7,0,0.3,2025-04-29
"Kobe Bufkin","Atlanta Hawks","Sophomore",2.3,98.7,1,0.3,0.3,0.1,0,0.1,0.1,0.9,0.2,0.3,0.2,0.2,2025-04-29
"Baylor Scheierman","Boston Celtics","Rookie",2.5,94.5,0.9,0.2,0.3,0.1,0,0.1,0.1,0.8,0.1,0.5,0.1,0.2,2025-04-29
"John Konchar","Memphis Grizzlies","Vet",4.6,99.7,0.9,0.3,0.8,0.3,0.1,0.2,0.1,0.6,0.1,0.5,0.2,0.3,2025-04-29
"Kyle Anderson","Miami Heat","Vet",2.9,94.3,0.9,0.4,0.4,0.2,0.1,0.1,0.1,0.8,0.2,0.2,0.2,0.2,2025-04-29
"Jahmir Young","Chicago Bulls",NA,2.4,96.9,0.9,0.4,0.2,0,0,0.1,0.1,0.8,0.1,0.5,0.1,0.2,2025-04-29
"Keaton Wallace","Atlanta Hawks","Rookie",2.6,97.7,0.9,0.4,0.2,0,0,0.1,0.1,0.8,0.1,0.5,0.1,0.2,2025-04-29
"Olivier-Maxence Prosper","Dallas Mavericks","Sophomore",2.5,97.6,0.9,0.2,0.3,0.2,0,0.1,0.1,0.7,0.3,0.2,0.3,0.1,2025-04-29
"Cam Whitmore","Houston Rockets","Sophomore",1.4,96.8,0.8,0.1,0.2,0.1,0,0,0.1,0.7,0.1,0.3,0.2,0.1,2025-04-29
"Kevin Love","Miami Heat","Vet",1.6,97.3,0.8,0.1,0.4,0.1,0,0,0.1,0.7,0.2,0.4,0.1,0.2,2025-04-29
"Mac McClung","Orlando Magic","Vet",1.8,97.8,0.8,0.2,0.2,0.1,0,0.1,0.1,0.6,0.2,0.3,0.2,0.2,2025-04-29
"Alex Len","Los Angeles Lakers","Vet",3.2,97.2,0.8,0.3,0.5,0.3,0.2,0.1,0.1,0.6,0.2,0.1,0.2,0.5,2025-04-29
"Charles Bassey","San Antonio Spurs","Vet",1.8,98.4,0.7,0.1,0.4,0.2,0.1,0.1,0.1,0.6,0.1,0,0.3,0.2,2025-04-29
"Riley Minix","San Antonio Spurs","Rookie",1.8,97.5,0.7,0.1,0.2,0.1,0,0.1,0.1,0.6,0.1,0.2,0.2,0.2,2025-04-29
"Ethan Thompson","Orlando Magic",NA,2,97,0.7,0.2,0.2,0.1,0,0.1,0.1,0.6,0.1,0.3,0.1,0.2,2025-04-29
"MarJon Beauchamp","New York Knicks","Vet",1.6,97.5,0.7,0.1,0.3,0.1,0,0,0.1,0.6,0.1,0.3,0.1,0.2,2025-04-29
"Jesse Edwards","Minnesota Timberwolves","Rookie",2,97.5,0.7,0.1,0.3,0.2,0.1,0,0.1,0.6,0.2,0.2,0.2,0.3,2025-04-29
"Alex Ducas","Oklahoma City Thunder","Rookie",2.2,97.7,0.7,0.1,0.3,0.1,0,0.1,0.1,0.6,0.1,0.4,0.1,0.2,2025-04-29
"Marvin Bagley III","Memphis Grizzlies","Vet",1.3,96.6,0.6,0.1,0.2,0.1,0,0,0.1,0.4,0.1,0.1,0.2,0.1,2025-04-29
"Lamar Stevens","Memphis Grizzlies","Vet",1.4,97.8,0.6,0.1,0.3,0.1,0,0,0.1,0.5,0.1,0.2,0.1,0.1,2025-04-29
"Trevelin Queen","Orlando Magic","Vet",1.6,95.5,0.6,0.1,0.1,0.1,0,0.1,0.1,0.6,0.1,0.3,0.1,0.2,2025-04-29
"Cam Spencer","Memphis Grizzlies","Rookie",1.5,99.2,0.6,0.2,0.1,0.1,0,0.1,0.1,0.5,0.1,0.3,0.1,0.1,2025-04-29
"Drew Peterson","Boston Celtics","Sophomore",1.8,95.3,0.6,0.1,0.3,0.1,0,0.1,0.1,0.5,0.1,0.3,0.1,0.2,2025-04-29
"DaRon Holmes II","Denver Nuggets",NA,1.5,97.4,0.6,0.1,0.2,0.1,0,0,0.1,0.5,0.1,0.2,0.2,0.2,2025-04-29
"Chris Livingston","Milwaukee Bucks","Sophomore",1.6,97,0.6,0.1,0.3,0.1,0,0.1,0.1,0.5,0.2,0.2,0.2,0.1,2025-04-29
"Pelle Larsson","Miami Heat","Rookie",1.8,94.6,0.6,0.1,0.2,0,0,0.1,0.1,0.5,0.1,0.2,0.1,0.2,2025-04-29
"Keion Brooks Jr.","New Orleans Pelicans","Rookie",1.6,98.2,0.6,0.1,0.2,0.1,0,0.1,0.1,0.5,0.2,0.2,0.1,0.2,2025-04-29
"Garrison Mathews","Atlanta Hawks","Vet",1.3,100.3,0.5,0.1,0.1,0,0,0,0,0.4,0.1,0.3,0,0.1,2025-04-29
"Leonard Miller","Minnesota Timberwolves","Sophomore",1.1,97.2,0.5,0.1,0.2,0.1,0,0,0.1,0.4,0.1,0.2,0.2,0.1,2025-04-29
"Craig Porter","Cleveland Cavaliers","Sophomore",1.3,97.1,0.5,0.2,0.1,0,0,0,0.1,0.4,0.1,0.1,0.1,0.1,2025-04-29
"Marcus Sasser","Detroit Pistons","Sophomore",1.1,98.4,0.5,0.2,0.1,0,0,0,0.1,0.4,0.1,0.2,0,0.1,2025-04-29
"N'Faly Dante","Houston Rockets","Rookie",1.3,99.5,0.5,0.1,0.2,0.1,0.1,0,0.1,0.4,0.1,0.1,0.2,0.2,2025-04-29
"Terry Taylor","Sacramento Kings","Vet",1.4,96.6,0.5,0.1,0.2,0.1,0,0,0.1,0.3,0.1,0.1,0.2,0.1,2025-04-29
"Torrey Craig","Boston Celtics","Vet",1.5,94.4,0.5,0.1,0.2,0.1,0,0,0,0.4,0.1,0.3,0.1,0.2,2025-04-29
"Seth Lundy","Los Angeles Clippers","Sophomore",1.2,97.1,0.5,0.1,0.1,0,0,0,0.1,0.4,0.1,0.2,0.1,0.1,2025-04-29
"Jett Howard","Orlando Magic","Sophomore",1.3,94.9,0.5,0.1,0.1,0,0,0,0.1,0.5,0.1,0.3,0.1,0.1,2025-04-29
"Jevon Carter","Chicago Bulls","Vet",1,98.4,0.4,0.1,0.1,0,0,0,0,0.4,0,0.3,0,0.1,2025-04-29
"Luka Garza","Minnesota Timberwolves","Vet",0.7,97.9,0.4,0,0.1,0.1,0,0,0,0.4,0.1,0.1,0.1,0.1,2025-04-29
"Trayce Jackson-Davis","Golden State Warriors","Sophomore",1.1,97,0.4,0.1,0.2,0.1,0.1,0,0.1,0.3,0.1,0,0.2,0.1,2025-04-29
"Adam Flagler","Oklahoma City Thunder","Sophomore",1.1,96.4,0.4,0.1,0.1,0,0,0,0,0.4,0,0.3,0,0.1,2025-04-29
"Tyler Smith","Milwaukee Bucks","Rookie",0.9,97.1,0.4,0.1,0.1,0.1,0,0,0,0.4,0.1,0.2,0.1,0.1,2025-04-29
"Tristan Thompson","Cleveland Cavaliers","Vet",2,95.7,0.4,0.2,0.5,0.2,0.1,0,0.1,0.4,0.2,0,0.2,0.2,2025-04-29
"Paul Reed","Detroit Pistons","Vet",0.8,97,0.3,0.1,0.2,0.1,0,0,0,0.3,0.1,0,0.1,0.1,2025-04-29
"Talen Horton-Tucker","Chicago Bulls","Vet",0.6,100.8,0.3,0.1,0.1,0,0,0,0,0.2,0.1,0.1,0.1,0.1,2025-04-29
"Elijah Harkless","Utah Jazz","Rookie",1,97.1,0.3,0.1,0.1,0,0,0,0,0.3,0.1,0.2,0,0.1,2025-04-29
"PJ Hall","Denver Nuggets","Rookie",0.7,95.2,0.3,0,0.1,0.1,0,0,0,0.2,0.1,0.1,0.1,0.1,2025-04-29
"DeAndre Jordan","Denver Nuggets","Vet",1.1,95.7,0.3,0.1,0.3,0.1,0,0,0.1,0.2,0.1,0,0.2,0.1,2025-04-29
"Hunter Tyson","Denver Nuggets","Sophomore",0.9,96.1,0.3,0,0.1,0,0,0,0,0.3,0.1,0.2,0.1,0.1,2025-04-29
"Tolu Smith","Detroit Pistons",NA,0.9,97.3,0.3,0,0.1,0.1,0,0,0,0.3,0.1,0.1,0.1,0.1,2025-04-29
"Taj Gibson","Charlotte Hornets","Vet",1.3,96.2,0.3,0.1,0.2,0.1,0,0,0.1,0.3,0.1,0,0.1,0.2,2025-04-29
"Johnny Furphy","Indiana Pacers","Rookie",0.7,98.4,0.2,0,0.1,0,0,0,0,0.2,0,0.1,0,0.1,2025-04-29
"Andre Drummond","Philadelphia 76ers","Vet",0.5,95.9,0.2,0,0.1,0.1,0,0,0,0.2,0.1,0,0.1,0.1,2025-04-29
"David Duke Jr.","San Antonio Spurs","Vet",0.4,97.1,0.2,0,0,0,0,0,0,0.1,0,0,0.1,0,2025-04-29
"Nikola Topić","Oklahoma City Thunder",NA,0.5,97.5,0.2,0,0.1,0,0,0,0,0.2,0,0.1,0.1,0,2025-04-29
"Drew Eubanks","Los Angeles Clippers","Vet",0.6,95.3,0.2,0,0.1,0.1,0,0,0,0.2,0.1,0,0.1,0.1,2025-04-29
"Jackson Rowe","Golden State Warriors","Rookie",0.5,98,0.2,0,0.1,0,0,0,0,0.2,0,0.1,0,0,2025-04-29
"Sidy Cissoko","Portland Trail Blazers","Sophomore",0.6,98.1,0.2,0,0.1,0,0,0,0,0.2,0,0.1,0.1,0.1,2025-04-29
"Antonio Reeves","New Orleans Pelicans","Rookie",0.5,96,0.2,0,0,0,0,0,0,0.2,0,0.1,0,0,2025-04-29
"David Roddy","Houston Rockets","Vet",0.4,97.3,0.2,0,0.1,0,0,0,0,0.1,0,0.1,0,0,2025-04-29
"Reed Sheppard","Houston Rockets","Rookie",0.4,100.5,0.2,0,0,0,0,0,0,0.2,0,0.1,0,0,2025-04-29
"Jaylon Tyson","Cleveland Cavaliers","Rookie",0.4,96.1,0.2,0,0.1,0,0,0,0,0.1,0,0.1,0,0,2025-04-29
"Pat Spencer","Golden State Warriors","Sophomore",0.4,96.7,0.2,0.1,0,0,0,0,0,0.2,0,0,0,0,2025-04-29
"Doug McDermott","Sacramento Kings","Vet",0.5,96.2,0.2,0,0,0,0,0,0,0.2,0,0.1,0,0,2025-04-29
"TyTy Washington Jr.","Phoenix Suns","Vet",0.4,95.6,0.2,0.1,0,0,0,0,0,0.2,0,0.1,0,0,2025-04-29
"Bobi Klintman","Detroit Pistons","Rookie",0.7,96.5,0.2,0,0.1,0.1,0,0,0,0.2,0,0.1,0.1,0.1,2025-04-29
"RayJ Dennis","Indiana Pacers","Rookie",0.4,97.6,0.2,0.1,0,0,0,0,0,0.2,0,0.1,0,0,2025-04-29
"Javonte Green","Cleveland Cavaliers","Vet",0.2,98.4,0.1,0,0,0,0,0,0,0.1,0,0,0,0,2025-04-29
"Josh Minott","Minnesota Timberwolves","Vet",0.2,97.1,0.1,0,0,0,0,0,0,0.1,0,0,0,0,2025-04-29
"Xavier Tillman","Boston Celtics","Vet",0.4,94.9,0.1,0,0.1,0,0,0,0,0.1,0,0.1,0,0,2025-04-29
"Jock Landale","Houston Rockets","Vet",0.4,97.9,0.1,0,0.1,0,0,0,0,0.1,0,0,0,0,2025-04-29
"Zyon Pullin","Memphis Grizzlies","Rookie",0.2,96.7,0.1,0,0,0,0,0,0,0.1,0,0,0,0,2025-04-29
"Bryce McGowens","Portland Trail Blazers","Vet",0.2,95.7,0.1,0,0,0,0,0,0,0.1,0,0,0,0,2025-04-29
"Patty Mills","Los Angeles Clippers","Vet",0.3,95.4,0.1,0,0,0,0,0,0,0.1,0,0.1,0,0,2025-04-29
"Trentyn Flowers","Los Angeles Clippers","Rookie",0.3,97.7,0.1,0,0,0,0,0,0,0.1,0,0,0,0,2025-04-29
"Tristen Newton","Minnesota Timberwolves","Rookie",0.2,96.9,0.1,0,0,0,0,0,0,0.1,0,0,0,0,2025-04-29
"Rayan Rupert","Portland Trail Blazers","Sophomore",0.4,98.4,0.1,0,0,0,0,0,0,0.1,0,0,0,0,2025-04-29
"Luke Travers","Cleveland Cavaliers","Rookie",0.2,97.7,0.1,0,0,0,0,0,0,0.1,0,0,0,0,2025-04-29
"James Johnson","Indiana Pacers","Vet",0.3,99.9,0.1,0,0,0,0,0,0,0.1,0,0,0,0,2025-04-29
"LeBron James","Los Angeles Lakers","Vet",0,97.2,0,0,0,0,0,0,0,0,0,0,0,0,2025-04-29
"Jalen Brunson","New York Knicks","Vet",0,96.9,0,0,0,0,0,0,0,0,0,0,0,0,2025-04-29
"Jakob Poeltl","Toronto Raptors","Vet",0,99.2,0,0,0,0,0,0,0,0,0,0,0,0,2025-04-29
"Mitchell Robinson","New York Knicks","Vet",0,95.5,0,0,0,0,0,0,0,0,0,0,0,0,2025-04-29
"Josh Okogie","Charlotte Hornets","Vet",0,95.9,0,0,0,0,0,0,0,0,0,0,0,0,2025-04-29
"Lonzo Ball","Chicago Bulls","Vet",0,102,0,0,0,0,0,0,0,0,0,0,0,0,2025-04-29
"Domantas Sabonis","Sacramento Kings","Vet",0,98.4,0,0,0,0,0,0,0,0,0,0,0,0,2025-04-29
"Richaun Holmes","Washington Wizards","Vet",0,96.9,0,0,0,0,0,0,0,0,0,0,0,0,2025-04-29
"Jordan McLaughlin","San Antonio Spurs","Vet",0,98.1,0,0,0,0,0,0,0,0,0,0,0,0,2025-04-29
"Isaiah Jackson","Indiana Pacers","Vet",0,98,0,0,0,0,0,0,0,0,0,0,0,0,2025-04-29
"LaMelo Ball","Charlotte Hornets","Vet",0,100.7,0,0,0,0,0,0,0,0,0,0,0,0,2025-04-29
"Khris Middleton","Washington Wizards","Vet",0,101.8,0,0,0,0,0,0,0,0,0,0,0,0,2025-04-29
"Luguentz Dort","Oklahoma City Thunder","Vet",0,99.6,0,0,0,0,0,0,0,0,0,0,0,0,2025-04-29
"Zach LaVine","Sacramento Kings","Vet",0,97.2,0,0,0,0,0,0,0,0,0,0,0,0,2025-04-29
"Bol Bol","Phoenix Suns","Vet",0,97.1,0,0,0,0,0,0,0,0,0,0,0,0,2025-04-29
"Cameron Johnson","Brooklyn Nets","Vet",0,94.5,0,0,0,0,0,0,0,0,0,0,0,0,2025-04-29
"De'Anthony Melton","Brooklyn Nets","Vet",0,97.6,0,0,0,0,0,0,0,0,0,0,0,0,2025-04-29
"Brandon Ingram","Toronto Raptors","Vet",0,97.1,0,0,0,0,0,0,0,0,0,0,0,0,2025-04-29
"Bobby Portis","Milwaukee Bucks","Vet",0,98.7,0,0,0,0,0,0,0,0,0,0,0,0,2025-04-29
"Cam Thomas","Brooklyn Nets","Vet",0,95.4,0,0,0,0,0,0,0,0,0,0,0,0,2025-04-29
"Miles Bridges","Charlotte Hornets","Vet",0,99.3,0,0,0,0,0,0,0,0,0,0,0,0,2025-04-29
"Monte Morris","Phoenix Suns","Vet",0,95.7,0,0,0,0,0,0,0,0,0,0,0,0,2025-04-29
"Grant Williams","Charlotte Hornets","Vet",0,97.3,0,0,0,0,0,0,0,0,0,0,0,0,2025-04-29
"Jae'Sean Tate","Houston Rockets","Vet",0,97.4,0,0,0,0,0,0,0,0,0,0,0,0,2025-04-29
"Rui Hachimura","Los Angeles Lakers","Vet",0,98.3,0,0,0,0,0,0,0,0,0,0,0,0,2025-04-29
"Dante Exum","Dallas Mavericks","Vet",0,97.8,0,0,0,0,0,0,0,0,0,0,0,0,2025-04-29
"Yuki Kawamura","Memphis Grizzlies","Rookie",0,97.1,0,0,0,0,0,0,0,0,0,0,0,0,2025-04-29
"Nah'Shon Hyland","Minnesota Timberwolves","Vet",0,96.1,0,0,0,0,0,0,0,0,0,0,0,0,2025-04-29
"Klay Thompson","Dallas Mavericks","Vet",0,98.5,0,0,0,0,0,0,0,0,0,0,0,0,2025-04-29
"Jordan Walsh","Boston Celtics","Sophomore",0,95.1,0,0,0,0,0,0,0,0,0,0,0,0,2025-04-29
"Justin Minaya","Portland Trail Blazers","Vet",0,95.3,0,0,0,0,0,0,0,0,0,0,0,0,2025-04-29
"JD Davison","Boston Celtics","Vet",0,95.8,0,0,0,0,0,0,0,0,0,0,0,0,2025-04-29
"Patrick Baldwin Jr.","Los Angeles Clippers","Vet",0,97.7,0,0,0,0,0,0,0,0,0,0,0,0,2025-04-29
"Mason Jones","Sacramento Kings","Vet",0,97.3,0,0,0,0,0,0,0,0,0,0,0,0,2025-04-29
"Svi Mykhailiuk","Utah Jazz","Vet",0,100.4,0,0,0,0,0,0,0,0,0,0,0,0,2025-04-29
"Jaden Springer","Utah Jazz","Vet",0,99.3,0,0,0,0,0,0,0,0,0,0,0,0,2025-04-29
"E.J. Liddell","Chicago Bulls","Vet",0,98.9,0,0,0,0,0,0,0,0,0,0,0,0,2025-04-29
"Dariq Whitehead","Brooklyn Nets","Sophomore",0,98.8,0,0,0,0,0,0,0,0,0,0,0,0,2025-04-29
"Jabari Walker","Portland Trail Blazers","Vet",0,98.2,0,0,0,0,0,0,0,0,0,0,0,0,2025-04-29
"Bradley Beal","Phoenix Suns","Vet",0,96.9,0,0,0,0,0,0,0,0,0,0,0,0,2025-04-29
"Josh Christopher","Miami Heat","Vet",0,96.8,0,0,0,0,0,0,0,0,0,0,0,0,2025-04-29
"Ousmane Dieng","Oklahoma City Thunder","Vet",0,99.3,0,0,0,0,0,0,0,0,0,0,0,0,2025-04-29
"Ron Harper Jr.","Detroit Pistons","Vet",0,97.5,0,0,0,0,0,0,0,0,0,0,0,0,2025-04-29
"Jamal Cain","New Orleans Pelicans","Vet",0,96.9,0,0,0,0,0,0,0,0,0,0,0,0,2025-04-29
"Cam Reddish","Los Angeles Lakers","Vet",0,96.4,0,0,0,0,0,0,0,0,0,0,0,0,2025-04-29
"Damion Lee","Phoenix Suns","Vet",0,97,0,0,0,0,0,0,0,0,0,0,0,0,2025-04-29
"Jack McVeigh","Houston Rockets","Rookie",0,98.7,0,0,0,0,0,0,0,0,0,0,0,0,2025-04-29
"Pat Connaughton","Milwaukee Bucks","Vet",0,95.8,0,0,0,0,0,0,0,0,0,0,0,0,2025-04-29
"Cam Christie","Los Angeles Clippers","Rookie",0,96.3,0,0,0,0,0,0,0,0,0,0,0,0,2025-04-29
"Lindy Waters III","Detroit Pistons","Vet",0,96,0,0,0,0,0,0,0,0,0,0,0,0,2025-04-29
"RJ Barrett","Toronto Raptors","Vet",0,100.4,0,0,0,0,0,0,0,0,0,0,0,0,2025-04-29
"Ayo Dosunmu","Chicago Bulls","Vet",0,100.6,0,0,0,0,0,0,0,0,0,0,0,0,2025-04-29
"Tre Mann","Charlotte Hornets","Vet",0,96.3,0,0,0,0,0,0,0,0,0,0,0,0,2025-04-29
"Kobe Brown","Los Angeles Clippers","Sophomore",0,93.5,0,0,0,0,0,0,0,0,0,0,0,0,2025-04-29
"Kyshawn George","Washington Wizards","Rookie",0.1,99.8,0,0,0,0,0,0,0,0,0,0,0,0,2025-04-29
"Jeenathan Williams","Houston Rockets","Vet",0,99.5,0,0,0,0,0,0,0,0,0,0,0,0,2025-04-29
"Jared Rhoden","Toronto Raptors","Vet",0,98.9,0,0,0,0,0,0,0,0,0,0,0,0,2025-04-29
"Harrison Ingram","San Antonio Spurs","Rookie",0,97.5,0,0,0,0,0,0,0,0,0,0,0,0,2025-04-29
"Tosan Evbuomwan","Brooklyn Nets","Sophomore",0,94.3,0,0,0,0,0,0,0,0,0,0,0,0,2025-04-29
"Pacôme Dadiet","New York Knicks","Rookie",0,97.7,0,0,0,0,0,0,0,0,0,0,0,0,2025-04-29
"Maxi Kleber","Los Angeles Lakers","Vet",0,96.2,0,0,0,0,0,0,0,0,0,0,0,0,2025-04-29
"Brandon Miller","Charlotte Hornets","Sophomore",0,97,0,0,0,0,0,0,0,0,0,0,0,0,2025-04-29
"Kevin McCullar Jr.","New York Knicks",NA,0,97.1,0,0,0,0,0,0,0,0,0,0,0,0,2025-04-29
"Ja'Kobe Walter","Toronto Raptors","Rookie",0,96.5,0,0,0,0,0,0,0,0,0,0,0,0,2025-04-29
"Keshad Johnson","Miami Heat","Rookie",0,97.2,0,0,0,0,0,0,0,0,0,0,0,0,2025-04-29
"Daeqwon Plowden","Atlanta Hawks","Rookie",0,97.8,0,0,0,0,0,0,0,0,0,0,0,0,2025-04-29
"Jericho Sims","Milwaukee Bucks","Vet",0,97.7,0,0,0,0,0,0,0,0,0,0,0,0,2025-04-29
"Daniss Jenkins","Detroit Pistons","Rookie",0,97,0,0,0,0,0,0,0,0,0,0,0,0,2025-04-29
"Ochai Agbaji","Toronto Raptors","Vet",0,98.9,0,0,0,0,0,0,0,0,0,0,0,0,2025-04-29
"Isaiah Crawford","Sacramento Kings","Rookie",0,96.4,0,0,0,0,0,0,0,0,0,0,0,0,2025-04-29
"Jordan Miller","Los Angeles Clippers","Sophomore",0,96.1,0,0,0,0,0,0,0,0,0,0,0,0,2025-04-29
"Emanuel Miller","Chicago Bulls","Rookie",0,97.5,0,0,0,0,0,0,0,0,0,0,0,0,2025-04-29
"Dario Saric","Denver Nuggets","Vet",0,96,0,0,0,0,0,0,0,0,0,0,0,0,2025-04-29
"Quenton Jackson","Indiana Pacers","Vet",0,100.2,0,0,0,0,0,0,0,0,0,0,0,0,2025-04-29
"Emoni Bates","Cleveland Cavaliers","Sophomore",0,96.9,0,0,0,0,0,0,0,0,0,0,0,0,2025-04-29
"Joe Ingles","Minnesota Timberwolves","Vet",0,96.5,0,0,0,0,0,0,0,0,0,0,0,0,2025-04-29
"Tyson Etienne","Brooklyn Nets",NA,0,97.1,0,0,0,0,0,0,0,0,0,0,0,0,2025-04-29
"Jae Crowder","Sacramento Kings","Vet",0,96.8,0,0,0,0,0,0,0,0,0,0,0,0,2025-04-29
"Isaiah Stevens","Miami Heat",NA,0,97.3,0,0,0,0,0,0,0,0,0,0,0,0,2025-04-29
"Stanley Umude","Milwaukee Bucks","Vet",0,98.4,0,0,0,0,0,0,0,0,0,0,0,0,2025-04-29
"Braxton Key","Golden State Warriors","Vet",0,96.9,0,0,0,0,0,0,0,0,0,0,0,0,2025-04-29
"Jalen Bridges","Phoenix Suns","Rookie",0,96.8,0,0,0,0,0,0,0,0,0,0,0,0,2025-04-29
"Reece Beekman","Brooklyn Nets","Rookie",0,95.2,0,0,0,0,0,0,0,0,0,0,0,0,2025-04-29
"KJ Simpson","Charlotte Hornets","Rookie",0,95.8,0,0,0,0,0,0,0,0,0,0,0,0,2025-04-29
"Trey Alexander","Denver Nuggets","Rookie",0,98.3,0,0,0,0,0,0,0,0,0,0,0,0,2025-04-29
"Miles Norris","Boston Celtics","Sophomore",0,96.8,0,0,0,0,0,0,0,0,0,0,0,0,2025-04-29
"Gradey Dick","Toronto Raptors","Sophomore",0,99.4,0,0,0,0,0,0,0,0,0,0,0,0,2025-04-29
"Nae'Qwan Tomlin","Cleveland Cavaliers","Rookie",0,96.7,0,0,0,0,0,0,0,0,0,0,0,0,2025-04-29
"Ariel Hukporti","New York Knicks","Rookie",0,95.9,0,0,0,0,0,0,0,0,0,0,0,0,2025-04-29
"Ulrich Chomche","Toronto Raptors","Rookie",0,96.6,0,0,0,0,0,0,0,0,0,0,0,0,2025-04-29
"Enrique Freeman","Indiana Pacers","Rookie",0,98.4,0,0,0,0,0,0,0,0,0,0,0,0,2025-04-29
"Tidjane Salaün","Charlotte Hornets","Rookie",0,94.7,0,0,0,0,0,0,0,0,0,0,0,0,2025-04-29
"Jamaree Bouyea","Milwaukee Bucks","Vet",0,97.5,0,0,0,0,0,0,0,0,0,0,0,0,2025-04-29
"Lester Quinones","New Orleans Pelicans","Vet",0,97.4,0,0,0,0,0,0,0,0,0,0,0,0,2025-04-29
"Pete Nance","Milwaukee Bucks","Sophomore",0,97.2,0,0,0,0,0,0,0,0,0,0,0,0,2025-04-29
"Trey Jemison","Los Angeles Lakers","Sophomore",0,96.4,0,0,0,0,0,0,0,0,0,0,0,0,2025-04-29
"Vasilije Micic","Phoenix Suns","Sophomore",0,96.1,0,0,0,0,0,0,0,0,0,0,0,0,2025-04-29
"Jacob Toppin","Atlanta Hawks","Sophomore",0,96.9,0,0,0,0,0,0,0,0,0,0,0,0,2025-04-29
"Rob Dillingham","Minnesota Timberwolves","Rookie",0,96.8,0,0,0,0,0,0,0,0,0,0,0,0,2025-04-29
"Malaki Branham","San Antonio Spurs","Vet",0,98.3,0,0,0,0,0,0,0,0,0,0,0,0,2025-04-29
